fname,lname
Corine,Veillard
Gwenora,Sturney
Stephie,Motto
Cathlene,Beales
Brandy,Stickney
Sofie,Braid
Caresse,Belamy
Griffin,Summerlie
Duky,Eye
Gauthier,Beaument
Helen-elizabeth,Flacke
Fletcher,Plott
Currey,Glanton
Misti,Guinery
Ibrahim,Yeskov
Hendrick,Grotty
Guenevere,Feeny
Carena,Lambert
Glyn,O' Dooley
Akim,Coster
Leonore,Allenby
Arley,Follit
Vinnie,Tettersell
Gretchen,Allen
Melessa,Reidie
Viviene,Faull
Babb,Deeth
Hersch,McGarva
Heath,Wittey
Chevy,Larkcum
Nicole,Cobbledick
Durante,Loren
Ronnica,Hannaby
Steffen,Fulbrook
Cyndie,Illing
Skipton,Sturman
Jorrie,Leidecker
Karlis,Dunn
Babbie,Espinheira
Breena,McGannon
Seline,Roubert
Rip,Jennaroy
Whitaker,Garrals
Indira,Champain
Florette,Menhenitt
Zebadiah,Stephenson
